[
  {
    "id": "87364e3f-ddd4-4550-8398-63b6426d1c33",
    "data": [
      {
        "text": "arrete",
        "userDefined": false
      }
    ],
    "isTemplate": false,
    "count": 0,
    "updated": 1540379097
  },
  {
    "id": "09371460-8e57-4d41-9bb3-dc970d27a5f7",
    "data": [
      {
        "text": "a plus tard",
        "userDefined": false
      }
    ],
    "isTemplate": false,
    "count": 0,
    "updated": 1540379097
  },
  {
    "id": "bfc464be-5990-4c92-b707-2ef5eafaad5d",
    "data": [
      {
        "text": "au revoir",
        "userDefined": false
      }
    ],
    "isTemplate": false,
    "count": 0,
    "updated": 1540379097
  },
  {
    "id": "8bf3969f-d8d1-402b-bdf0-55a530270bd7",
    "data": [
      {
        "text": "quitter",
        "userDefined": false
      }
    ],
    "isTemplate": false,
    "count": 0,
    "updated": 1540379097
  }
]