[
  {
    "id": "8adf31d3-cd93-49d8-bad9-5e4342e24926",
    "data": [
      {
        "text": "id perso bouygues",
        "userDefined": false
      }
    ],
    "isTemplate": false,
    "count": 0,
    "updated": 1541431555
  },
  {
    "id": "b09b783b-5fd4-41bb-89dc-c9ba895f90c0",
    "data": [
      {
        "text": "donnes moi mon id bouygues",
        "userDefined": false
      }
    ],
    "isTemplate": false,
    "count": 0,
    "updated": 1541431555
  },
  {
    "id": "4105287e-569b-4202-a9d2-3e24dff327c6",
    "data": [
      {
        "text": "donnes moi mon id bouygues telecom",
        "userDefined": false
      }
    ],
    "isTemplate": false,
    "count": 0,
    "updated": 1541431555
  },
  {
    "id": "79355d0f-7ba4-4ef0-9bb8-b0f1825887d5",
    "data": [
      {
        "text": "donnes moi les information sur mon comptes",
        "userDefined": false
      }
    ],
    "isTemplate": false,
    "count": 0,
    "updated": 1541431555
  },
  {
    "id": "37dcfacb-c514-4f0b-87a8-487aa66ed10d",
    "data": [
      {
        "text": "user info",
        "userDefined": false
      }
    ],
    "isTemplate": false,
    "count": 0,
    "updated": 1541001183
  },
  {
    "id": "13a7a721-9b80-42f6-8e8d-0fa31d9c830f",
    "data": [
      {
        "text": "id perso",
        "alias": "id_personelle",
        "meta": "@id_personelle",
        "userDefined": false
      }
    ],
    "isTemplate": false,
    "count": 0,
    "updated": 1541001183
  },
  {
    "id": "d240d7df-a76b-4efb-98fc-54e5fd1f818d",
    "data": [
      {
        "text": "donnes ",
        "userDefined": false
      },
      {
        "text": "moi",
        "alias": "date-period",
        "meta": "@sys.date-period",
        "userDefined": false
      },
      {
        "text": " mon id perso",
        "userDefined": false
      }
    ],
    "isTemplate": false,
    "count": 0,
    "updated": 1541000430
  }
]